"Assembly","FullName","BaseType","PublicParameterlessConstructor"
"Eremex.Avalonia.Controls","Eremex.AvaloniaUI.Controls.Bars.Controls.KeyTipControl","Avalonia.Controls.ContentControl","False"
"Eremex.Avalonia.Controls","Eremex.AvaloniaUI.Controls.Bars.Customization.AddNewToolbarWindow","Eremex.AvaloniaUI.Controls.Common.MxWindow","True"
"Eremex.Avalonia.Controls","Eremex.AvaloniaUI.Controls.Bars.Customization.CommandsListControl","Avalonia.Controls.UserControl","True"
"Eremex.Avalonia.Controls","Eremex.AvaloniaUI.Controls.Bars.Customization.CustomizationWindow","Eremex.AvaloniaUI.Controls.Common.MxWindow","True"
"Eremex.Avalonia.Controls","Eremex.AvaloniaUI.Controls.Bars.Customization.ToolbarsCustomizationControl","Avalonia.Controls.UserControl","True"
"Eremex.Avalonia.Controls","Eremex.AvaloniaUI.Controls.Bars.Internal.DropTargetIndicatorControl","Avalonia.Controls.Primitives.TemplatedControl","True"
"Eremex.Avalonia.Controls","Eremex.AvaloniaUI.Controls.Bars.Internal.DropTargetIndicatorPanel","Avalonia.Controls.Panel","True"
"Eremex.Avalonia.Controls","Eremex.AvaloniaUI.Controls.Bars.Internal.FloatingToolbarCloseButton","Avalonia.Controls.Button","True"
"Eremex.Avalonia.Controls","Eremex.AvaloniaUI.Controls.Bars.Internal.PopupBasePopup","Eremex.AvaloniaUI.Controls.Common.ResizeablePopup","False"
"Eremex.Avalonia.Controls","Eremex.AvaloniaUI.Controls.Bars.Internal.PopupContainerPopup","Eremex.AvaloniaUI.Controls.Common.ResizeablePopup","False"
"Eremex.Avalonia.Controls","Eremex.AvaloniaUI.Controls.Bars.Internal.PopupMenuControl","Avalonia.Controls.ItemsControl","False"
"Eremex.Avalonia.Controls","Eremex.AvaloniaUI.Controls.Bars.Internal.PopupMenuHeaderControl","Avalonia.Controls.ContentControl","True"
"Eremex.Avalonia.Controls","Eremex.AvaloniaUI.Controls.Bars.Internal.PopupMenuItemsLayoutPanel","Avalonia.Controls.Panel","True"
"Eremex.Avalonia.Controls","Eremex.AvaloniaUI.Controls.Bars.Internal.PopupMenuPopup","Eremex.AvaloniaUI.Controls.Bars.Internal.PopupBasePopup","False"
"Eremex.Avalonia.Controls","Eremex.AvaloniaUI.Controls.Bars.Internal.ScrollButton","Avalonia.Controls.Button","True"
"Eremex.Avalonia.Controls","Eremex.AvaloniaUI.Controls.Bars.Internal.ToolbarCheckBox","Avalonia.Controls.CheckBox","True"
"Eremex.Avalonia.Controls","Eremex.AvaloniaUI.Controls.Bars.Internal.ToolbarCheckItemGroupItemsControl","Eremex.AvaloniaUI.Controls.Bars.Internal.ToolbarItemGroupItemsControl","False"
"Eremex.Avalonia.Controls","Eremex.AvaloniaUI.Controls.Bars.Internal.ToolbarCheckItemLayoutPanel","Eremex.AvaloniaUI.Controls.Bars.Internal.ToolbarItemLayoutPanel","True"
"Eremex.Avalonia.Controls","Eremex.AvaloniaUI.Controls.Bars.Internal.ToolbarControl","Avalonia.Controls.ItemsControl","False"
"Eremex.Avalonia.Controls","Eremex.AvaloniaUI.Controls.Bars.Internal.ToolbarCustomizationButton","Eremex.AvaloniaUI.Controls.Bars.ToolbarButtonItem","True"
"Eremex.Avalonia.Controls","Eremex.AvaloniaUI.Controls.Bars.Internal.ToolbarFloatingWindow","Avalonia.Controls.Window","True"
"Eremex.Avalonia.Controls","Eremex.AvaloniaUI.Controls.Bars.Internal.ToolbarFloatingWindowClientControl","Avalonia.Controls.ContentControl","True"
"Eremex.Avalonia.Controls","Eremex.AvaloniaUI.Controls.Bars.Internal.ToolbarItemArrowControl","Avalonia.Controls.Primitives.TemplatedControl","True"
"Eremex.Avalonia.Controls","Eremex.AvaloniaUI.Controls.Bars.Internal.ToolbarItemBorderControl","Avalonia.Controls.Primitives.TemplatedControl","True"
"Eremex.Avalonia.Controls","Eremex.AvaloniaUI.Controls.Bars.Internal.ToolbarItemContentControl","Avalonia.Controls.ContentControl","True"
"Eremex.Avalonia.Controls","Eremex.AvaloniaUI.Controls.Bars.Internal.ToolbarItemDragControl","Avalonia.Controls.Primitives.TemplatedControl","True"
"Eremex.Avalonia.Controls","Eremex.AvaloniaUI.Controls.Bars.Internal.ToolbarItemGlyphDecorator","Avalonia.Controls.Primitives.TemplatedControl","True"
"Eremex.Avalonia.Controls","Eremex.AvaloniaUI.Controls.Bars.Internal.ToolbarItemGroupItemsControl","Avalonia.Controls.ItemsControl","False"
"Eremex.Avalonia.Controls","Eremex.AvaloniaUI.Controls.Bars.Internal.ToolbarItemGroupLayoutPanel","Avalonia.Controls.StackPanel","True"
"Eremex.Avalonia.Controls","Eremex.AvaloniaUI.Controls.Bars.Internal.ToolbarItemLayoutPanel","Avalonia.Controls.Panel","True"
"Eremex.Avalonia.Controls","Eremex.AvaloniaUI.Controls.Bars.Internal.ToolbarItemToolTip","Avalonia.Controls.Primitives.TemplatedControl","False"
"Eremex.Avalonia.Controls","Eremex.AvaloniaUI.Controls.Bars.Internal.ToolbarRadioButton","Avalonia.Controls.RadioButton","True"
"Eremex.Avalonia.Controls","Eremex.AvaloniaUI.Controls.Bars.PopupContainer","Avalonia.Controls.Primitives.TemplatedControl","True"
"Eremex.Avalonia.Controls","Eremex.AvaloniaUI.Controls.Bars.PopupMenu","Avalonia.Controls.Primitives.TemplatedControl","True"
"Eremex.Avalonia.Controls","Eremex.AvaloniaUI.Controls.Bars.Toolbar","Avalonia.Controls.Primitives.TemplatedControl","True"
"Eremex.Avalonia.Controls","Eremex.AvaloniaUI.Controls.Bars.ToolbarButtonBaseItem","Eremex.AvaloniaUI.Controls.Bars.ToolbarItem","True"
"Eremex.Avalonia.Controls","Eremex.AvaloniaUI.Controls.Bars.ToolbarButtonItem","Eremex.AvaloniaUI.Controls.Bars.ToolbarButtonBaseItem","True"
"Eremex.Avalonia.Controls","Eremex.AvaloniaUI.Controls.Bars.ToolbarCheckItem","Eremex.AvaloniaUI.Controls.Bars.ToolbarButtonItem","True"
"Eremex.Avalonia.Controls","Eremex.AvaloniaUI.Controls.Bars.ToolbarCheckItemGroup","Eremex.AvaloniaUI.Controls.Bars.ToolbarItemGroup","True"
"Eremex.Avalonia.Controls","Eremex.AvaloniaUI.Controls.Bars.ToolbarContainerControl","Avalonia.Controls.ItemsControl","True"
"Eremex.Avalonia.Controls","Eremex.AvaloniaUI.Controls.Bars.ToolbarContainerLayoutPanel","Avalonia.Controls.Panel","True"
"Eremex.Avalonia.Controls","Eremex.AvaloniaUI.Controls.Bars.ToolbarControlDragThumb","Avalonia.Controls.Primitives.Thumb","True"
"Eremex.Avalonia.Controls","Eremex.AvaloniaUI.Controls.Bars.ToolbarEditorItem","Eremex.AvaloniaUI.Controls.Bars.ToolbarItem","True"
"Eremex.Avalonia.Controls","Eremex.AvaloniaUI.Controls.Bars.ToolbarItem","Avalonia.Controls.Primitives.TemplatedControl","True"
"Eremex.Avalonia.Controls","Eremex.AvaloniaUI.Controls.Bars.ToolbarItemDragWindow","Avalonia.Controls.Primitives.Popup","True"
"Eremex.Avalonia.Controls","Eremex.AvaloniaUI.Controls.Bars.ToolbarItemGroup","Eremex.AvaloniaUI.Controls.Bars.ToolbarItem","True"
"Eremex.Avalonia.Controls","Eremex.AvaloniaUI.Controls.Bars.ToolbarItemImage","Avalonia.Controls.Image","True"
"Eremex.Avalonia.Controls","Eremex.AvaloniaUI.Controls.Bars.ToolbarLayoutPanel","Avalonia.Controls.Panel","True"
"Eremex.Avalonia.Controls","Eremex.AvaloniaUI.Controls.Bars.ToolbarManager","Avalonia.Controls.Border","True"
"Eremex.Avalonia.Controls","Eremex.AvaloniaUI.Controls.Bars.ToolbarMenuItem","Eremex.AvaloniaUI.Controls.Bars.ToolbarButtonBaseItem","True"
"Eremex.Avalonia.Controls","Eremex.AvaloniaUI.Controls.Bars.ToolbarSeparatorItem","Eremex.AvaloniaUI.Controls.Bars.ToolbarItem","True"
"Eremex.Avalonia.Controls","Eremex.AvaloniaUI.Controls.Bars.ToolbarTextItem","Eremex.AvaloniaUI.Controls.Bars.ToolbarItem","True"
"Eremex.Avalonia.Controls","Eremex.AvaloniaUI.Controls.Common.CircleProgressIndicator","Eremex.AvaloniaUI.Controls.Common.ProgressIndicator","True"
"Eremex.Avalonia.Controls","Eremex.AvaloniaUI.Controls.Common.Internal.SplitPanelBase","Avalonia.Controls.Panel","True"
"Eremex.Avalonia.Controls","Eremex.AvaloniaUI.Controls.Common.Internal.SplitPanelLayoutSplitterBase","Avalonia.Controls.Primitives.Thumb","True"
"Eremex.Avalonia.Controls","Eremex.AvaloniaUI.Controls.Common.MxSplitButton","Avalonia.Controls.ContentControl","True"
"Eremex.Avalonia.Controls","Eremex.AvaloniaUI.Controls.Common.MxVirtualizingControl","Avalonia.Controls.Control","True"
"Eremex.Avalonia.Controls","Eremex.AvaloniaUI.Controls.Common.MxWindow","Avalonia.Controls.Window","True"
"Eremex.Avalonia.Controls","Eremex.AvaloniaUI.Controls.Common.ProgressIndicator","Avalonia.Controls.Primitives.TemplatedControl","True"
"Eremex.Avalonia.Controls","Eremex.AvaloniaUI.Controls.Common.ResizeablePopup","Avalonia.Controls.Primitives.Popup","True"
"Eremex.Avalonia.Controls","Eremex.AvaloniaUI.Controls.DataControl.Visuals.AutoFilterCellControl","Eremex.AvaloniaUI.Controls.DataControl.Visuals.CellControl","False"
"Eremex.Avalonia.Controls","Eremex.AvaloniaUI.Controls.DataControl.Visuals.AutoFilterConditionComboBoxEditor","Eremex.AvaloniaUI.Controls.Editors.ComboBoxEditor","True"
"Eremex.Avalonia.Controls","Eremex.AvaloniaUI.Controls.DataControl.Visuals.AutoFilterRowControl","Eremex.AvaloniaUI.Controls.DataControl.Visuals.DataRowControlBase","True"
"Eremex.Avalonia.Controls","Eremex.AvaloniaUI.Controls.DataControl.Visuals.BandHeaderControl","Avalonia.Controls.Primitives.TemplatedControl","True"
"Eremex.Avalonia.Controls","Eremex.AvaloniaUI.Controls.DataControl.Visuals.BandHeadersControl","Avalonia.Controls.Primitives.TemplatedControl","True"
"Eremex.Avalonia.Controls","Eremex.AvaloniaUI.Controls.DataControl.Visuals.BandHeadersPanel","Avalonia.Controls.Panel","True"
"Eremex.Avalonia.Controls","Eremex.AvaloniaUI.Controls.DataControl.Visuals.CellControl","Avalonia.Controls.Primitives.TemplatedControl","False"
"Eremex.Avalonia.Controls","Eremex.AvaloniaUI.Controls.DataControl.Visuals.CellEditor","Eremex.AvaloniaUI.Editors.InplaceEditing.InplaceEditorBase","True"
"Eremex.Avalonia.Controls","Eremex.AvaloniaUI.Controls.DataControl.Visuals.CellsPanel","Eremex.AvaloniaUI.Controls.DataControl.Visuals.ColumnPanelBase`1[[Eremex.AvaloniaUI.Controls.DataControl.Visuals.CellControl, Eremex.Avalonia.Controls, Version=1.4.34.0, Culture=neutral, PublicKeyToken=null]]","True"
"Eremex.Avalonia.Controls","Eremex.AvaloniaUI.Controls.DataControl.Visuals.ColumnChooserControl","Avalonia.Controls.Primitives.TemplatedControl","False"
"Eremex.Avalonia.Controls","Eremex.AvaloniaUI.Controls.DataControl.Visuals.ColumnHeaderControl","Avalonia.Controls.Button","True"
"Eremex.Avalonia.Controls","Eremex.AvaloniaUI.Controls.DataControl.Visuals.ColumnHeaderDockPanel","Avalonia.Controls.Panel","True"
"Eremex.Avalonia.Controls","Eremex.AvaloniaUI.Controls.DataControl.Visuals.ColumnHeaderFilterComboBoxEditor","Eremex.AvaloniaUI.Controls.Editors.ComboBoxEditor","True"
"Eremex.Avalonia.Controls","Eremex.AvaloniaUI.Controls.DataControl.Visuals.ColumnHeaderPanel","Eremex.AvaloniaUI.Controls.DataControl.Visuals.ColumnPanelBase`1[[Eremex.AvaloniaUI.Controls.DataControl.Visuals.ColumnHeaderControl, Eremex.Avalonia.Controls, Version=1.4.34.0, Culture=neutral, PublicKeyToken=null]]","True"
"Eremex.Avalonia.Controls","Eremex.AvaloniaUI.Controls.DataControl.Visuals.ColumnHeadersControl","Avalonia.Controls.Primitives.TemplatedControl","True"
"Eremex.Avalonia.Controls","Eremex.AvaloniaUI.Controls.DataControl.Visuals.DragElementControl","Avalonia.Controls.Primitives.TemplatedControl","True"
"Eremex.Avalonia.Controls","Eremex.AvaloniaUI.Controls.DataControl.Visuals.DropIndicatorControl","Avalonia.Controls.Primitives.TemplatedControl","True"
"Eremex.Avalonia.Controls","Eremex.AvaloniaUI.Controls.DataControl.Visuals.FilterPanel","Avalonia.Controls.Primitives.TemplatedControl","True"
"Eremex.Avalonia.Controls","Eremex.AvaloniaUI.Controls.DataControl.Visuals.FocusedCellAdornerControl","Avalonia.Controls.Primitives.TemplatedControl","True"
"Eremex.Avalonia.Controls","Eremex.AvaloniaUI.Controls.DataControl.Visuals.FocusedElementAdornerPanel","Avalonia.Controls.Panel","True"
"Eremex.Avalonia.Controls","Eremex.AvaloniaUI.Controls.DataControl.Visuals.FocusedRowAdornerControl","Avalonia.Controls.Primitives.TemplatedControl","True"
"Eremex.Avalonia.Controls","Eremex.AvaloniaUI.Controls.DataControl.Visuals.FooterCellControl","Avalonia.Controls.Primitives.TemplatedControl","True"
"Eremex.Avalonia.Controls","Eremex.AvaloniaUI.Controls.DataControl.Visuals.FooterControl","Avalonia.Controls.Primitives.TemplatedControl","True"
"Eremex.Avalonia.Controls","Eremex.AvaloniaUI.Controls.DataControl.Visuals.FooterPanel","Eremex.AvaloniaUI.Controls.DataControl.Visuals.ColumnPanelBase`1[[Eremex.AvaloniaUI.Controls.DataControl.Visuals.FooterCellControl, Eremex.Avalonia.Controls, Version=1.4.34.0, Culture=neutral, PublicKeyToken=null]]","True"
"Eremex.Avalonia.Controls","Eremex.AvaloniaUI.Controls.DataControl.Visuals.MinWidthDecorator","Avalonia.Controls.Decorator","True"
"Eremex.Avalonia.Controls","Eremex.AvaloniaUI.Controls.DataControl.Visuals.RowDragElementMultipleControl","Avalonia.Controls.Primitives.TemplatedControl","True"
"Eremex.Avalonia.Controls","Eremex.AvaloniaUI.Controls.DataControl.Visuals.RowIndicatorControl","Avalonia.Controls.Primitives.TemplatedControl","True"
"Eremex.Avalonia.Controls","Eremex.AvaloniaUI.Controls.DataControl.Visuals.ScrollPanel","Avalonia.Controls.Panel","True"
"Eremex.Avalonia.Controls","Eremex.AvaloniaUI.Controls.DataControl.Visuals.SearchPanel","Avalonia.Controls.Primitives.TemplatedControl","True"
"Eremex.Avalonia.Controls","Eremex.AvaloniaUI.Controls.DataGrid.DataGridControl","Eremex.AvaloniaUI.Controls.DataControl.DataControlBase","True"
"Eremex.Avalonia.Controls","Eremex.AvaloniaUI.Controls.DataGrid.Visuals.DataGridGroupPanelControl","Avalonia.Controls.Primitives.TemplatedControl","True"
"Eremex.Avalonia.Controls","Eremex.AvaloniaUI.Controls.DataGrid.Visuals.DataGridGroupPanelItemsControl","Avalonia.Controls.ItemsControl","True"
"Eremex.Avalonia.Controls","Eremex.AvaloniaUI.Controls.DataGrid.Visuals.DataGridGroupRowControl","Eremex.AvaloniaUI.Controls.DataControl.Visuals.RowControlBase","True"
"Eremex.Avalonia.Controls","Eremex.AvaloniaUI.Controls.DataGrid.Visuals.DataGridRowControl","Eremex.AvaloniaUI.Controls.DataControl.Visuals.DataRowControlBase","True"
"Eremex.Avalonia.Controls","Eremex.AvaloniaUI.Controls.Docking.AutoHideGroup","Eremex.AvaloniaUI.Controls.Docking.DockGroup","True"
"Eremex.Avalonia.Controls","Eremex.AvaloniaUI.Controls.Docking.DockGroup","Eremex.AvaloniaUI.Controls.Docking.DockItemBase","True"
"Eremex.Avalonia.Controls","Eremex.AvaloniaUI.Controls.Docking.DockManager","Avalonia.Controls.Primitives.TemplatedControl","True"
"Eremex.Avalonia.Controls","Eremex.AvaloniaUI.Controls.Docking.DockPane","Eremex.AvaloniaUI.Controls.Docking.DockItemBase","True"
"Eremex.Avalonia.Controls","Eremex.AvaloniaUI.Controls.Docking.DocumentGroup","Eremex.AvaloniaUI.Controls.Docking.TabbedGroup","True"
"Eremex.Avalonia.Controls","Eremex.AvaloniaUI.Controls.Docking.DocumentPane","Eremex.AvaloniaUI.Controls.Docking.DockPane","True"
"Eremex.Avalonia.Controls","Eremex.AvaloniaUI.Controls.Docking.FloatGroup","Eremex.AvaloniaUI.Controls.Docking.DockGroup","True"
"Eremex.Avalonia.Controls","Eremex.AvaloniaUI.Controls.Docking.Internal.AutoHideDockPanel","Avalonia.Controls.DockPanel","True"
"Eremex.Avalonia.Controls","Eremex.AvaloniaUI.Controls.Docking.Internal.AutoHideGrid","Avalonia.Controls.Grid","True"
"Eremex.Avalonia.Controls","Eremex.AvaloniaUI.Controls.Docking.Internal.AutoHideGroupItem","Eremex.AvaloniaUI.Controls.MxTabStripItem","True"
"Eremex.Avalonia.Controls","Eremex.AvaloniaUI.Controls.Docking.Internal.AutoHideGroupItemsControl","Eremex.AvaloniaUI.Controls.MxTabStrip","True"
"Eremex.Avalonia.Controls","Eremex.AvaloniaUI.Controls.Docking.Internal.AutoHidePane","Avalonia.Controls.Primitives.TemplatedControl","True"
"Eremex.Avalonia.Controls","Eremex.AvaloniaUI.Controls.Docking.Internal.AutoHideTray","Avalonia.Controls.ItemsControl","True"
"Eremex.Avalonia.Controls","Eremex.AvaloniaUI.Controls.Docking.Internal.CenterDockWidget","Eremex.AvaloniaUI.Controls.Docking.Internal.DockWidgetBase","True"
"Eremex.Avalonia.Controls","Eremex.AvaloniaUI.Controls.Docking.Internal.ControlBox","Avalonia.Controls.Primitives.TemplatedControl","True"
"Eremex.Avalonia.Controls","Eremex.AvaloniaUI.Controls.Docking.Internal.ControlBoxButton","Avalonia.Controls.Button","True"
"Eremex.Avalonia.Controls","Eremex.AvaloniaUI.Controls.Docking.Internal.DockGroupItem","Avalonia.Controls.ContentControl","True"
"Eremex.Avalonia.Controls","Eremex.AvaloniaUI.Controls.Docking.Internal.DockGroupItemsControl","Avalonia.Controls.ItemsControl","True"
"Eremex.Avalonia.Controls","Eremex.AvaloniaUI.Controls.Docking.Internal.DockGroupItemsPanel","Avalonia.Controls.Grid","True"
"Eremex.Avalonia.Controls","Eremex.AvaloniaUI.Controls.Docking.Internal.DockGroupLayoutPanel","Eremex.AvaloniaUI.Controls.Common.Internal.SplitPanelBase","True"
"Eremex.Avalonia.Controls","Eremex.AvaloniaUI.Controls.Docking.Internal.DockGroupLayoutSplitter","Eremex.AvaloniaUI.Controls.Common.Internal.SplitPanelLayoutSplitterBase","True"
"Eremex.Avalonia.Controls","Eremex.AvaloniaUI.Controls.Docking.Internal.DockGroupSplitterItem","Avalonia.Controls.Primitives.Thumb","True"
"Eremex.Avalonia.Controls","Eremex.AvaloniaUI.Controls.Docking.Internal.DockItemDragControl","Avalonia.Controls.Decorator","True"
"Eremex.Avalonia.Controls","Eremex.AvaloniaUI.Controls.Docking.Internal.DockPaneHeaderControl","Avalonia.Controls.Primitives.TemplatedControl","True"
"Eremex.Avalonia.Controls","Eremex.AvaloniaUI.Controls.Docking.Internal.DockPaneResizeControl","Avalonia.Controls.Primitives.TemplatedControl","True"
"Eremex.Avalonia.Controls","Eremex.AvaloniaUI.Controls.Docking.Internal.DockWidgetButton","Avalonia.Controls.Button","True"
"Eremex.Avalonia.Controls","Eremex.AvaloniaUI.Controls.Docking.Internal.DockWidgetLayer","Avalonia.Controls.UserControl","True"
"Eremex.Avalonia.Controls","Eremex.AvaloniaUI.Controls.Docking.Internal.DocumentSwitcherControl","Avalonia.Controls.Primitives.TemplatedControl","False"
"Eremex.Avalonia.Controls","Eremex.AvaloniaUI.Controls.Docking.Internal.DocumentSwitcherWindow","Eremex.AvaloniaUI.Controls.Common.MxWindow","False"
"Eremex.Avalonia.Controls","Eremex.AvaloniaUI.Controls.Docking.Internal.FloatGroupItem","Eremex.AvaloniaUI.Controls.Docking.Internal.DockGroupItem","True"
"Eremex.Avalonia.Controls","Eremex.AvaloniaUI.Controls.Docking.Internal.FloatGroupItemsControl","Eremex.AvaloniaUI.Controls.Docking.Internal.DockGroupItemsControl","True"
"Eremex.Avalonia.Controls","Eremex.AvaloniaUI.Controls.Docking.Internal.FloatWindow","Avalonia.Controls.Window","True"
"Eremex.Avalonia.Controls","Eremex.AvaloniaUI.Controls.Docking.Internal.OverlayWindow","Avalonia.Controls.Window","True"
"Eremex.Avalonia.Controls","Eremex.AvaloniaUI.Controls.Docking.Internal.SideDockWidget","Eremex.AvaloniaUI.Controls.Docking.Internal.DockWidgetBase","True"
"Eremex.Avalonia.Controls","Eremex.AvaloniaUI.Controls.Docking.Internal.TabbedGroupItem","Eremex.AvaloniaUI.Controls.MxTabItem","True"
"Eremex.Avalonia.Controls","Eremex.AvaloniaUI.Controls.Docking.Internal.TabbedGroupItemsControl","Eremex.AvaloniaUI.Controls.MxTabControl","True"
"Eremex.Avalonia.Controls","Eremex.AvaloniaUI.Controls.Docking.Internal.UiElementPresenter","Avalonia.Controls.Control","True"
"Eremex.Avalonia.Controls","Eremex.AvaloniaUI.Controls.Docking.TabbedGroup","Eremex.AvaloniaUI.Controls.Docking.DockGroup","True"
"Eremex.Avalonia.Controls","Eremex.AvaloniaUI.Controls.Editors.BaseEditor","Avalonia.Controls.Primitives.TemplatedControl","True"
"Eremex.Avalonia.Controls","Eremex.AvaloniaUI.Controls.Editors.ButtonEditor","Eremex.AvaloniaUI.Controls.Editors.TextEditor","True"
"Eremex.Avalonia.Controls","Eremex.AvaloniaUI.Controls.Editors.ButtonEditorProperties","Eremex.AvaloniaUI.Controls.Editors.TextEditorProperties","True"
"Eremex.Avalonia.Controls","Eremex.AvaloniaUI.Controls.Editors.ButtonSettings","Avalonia.Controls.Control","True"
"Eremex.Avalonia.Controls","Eremex.AvaloniaUI.Controls.Editors.CalendarControl","Avalonia.Controls.Calendar","True"
"Eremex.Avalonia.Controls","Eremex.AvaloniaUI.Controls.Editors.CheckEditor","Eremex.AvaloniaUI.Controls.Editors.BaseEditor","True"
"Eremex.Avalonia.Controls","Eremex.AvaloniaUI.Controls.Editors.CheckEditorProperties","Eremex.AvaloniaUI.Controls.Editors.BaseEditorProperties","True"
"Eremex.Avalonia.Controls","Eremex.AvaloniaUI.Controls.Editors.ColorEditor","Avalonia.Controls.Primitives.TemplatedControl","True"
"Eremex.Avalonia.Controls","Eremex.AvaloniaUI.Controls.Editors.ComboBoxEditor","Eremex.AvaloniaUI.Controls.Editors.PopupEditor","True"
"Eremex.Avalonia.Controls","Eremex.AvaloniaUI.Controls.Editors.ComboBoxEditorProperties","Eremex.AvaloniaUI.Controls.Editors.PopupEditorProperties","True"
"Eremex.Avalonia.Controls","Eremex.AvaloniaUI.Controls.Editors.DateEditor","Eremex.AvaloniaUI.Controls.Editors.PopupEditor","True"
"Eremex.Avalonia.Controls","Eremex.AvaloniaUI.Controls.Editors.DateEditorProperties","Eremex.AvaloniaUI.Controls.Editors.PopupEditorProperties","True"
"Eremex.Avalonia.Controls","Eremex.AvaloniaUI.Controls.Editors.GroupBox","Avalonia.Controls.Primitives.HeaderedContentControl","True"
"Eremex.Avalonia.Controls","Eremex.AvaloniaUI.Controls.Editors.HyperlinkEditor","Eremex.AvaloniaUI.Controls.Editors.BaseEditor","True"
"Eremex.Avalonia.Controls","Eremex.AvaloniaUI.Controls.Editors.HyperlinkEditorProperties","Eremex.AvaloniaUI.Controls.Editors.BaseEditorProperties","True"
"Eremex.Avalonia.Controls","Eremex.AvaloniaUI.Controls.Editors.Internal.SplitContainerLayoutPanel","Eremex.AvaloniaUI.Controls.Common.Internal.SplitPanelBase","True"
"Eremex.Avalonia.Controls","Eremex.AvaloniaUI.Controls.Editors.Internal.SplitContainerLayoutSplitter","Eremex.AvaloniaUI.Controls.Common.Internal.SplitPanelLayoutSplitterBase","True"
"Eremex.Avalonia.Controls","Eremex.AvaloniaUI.Controls.Editors.MemoEditor","Eremex.AvaloniaUI.Controls.Editors.PopupEditor","True"
"Eremex.Avalonia.Controls","Eremex.AvaloniaUI.Controls.Editors.MemoEditorProperties","Eremex.AvaloniaUI.Controls.Editors.PopupEditorProperties","True"
"Eremex.Avalonia.Controls","Eremex.AvaloniaUI.Controls.Editors.PopupColorEditor","Eremex.AvaloniaUI.Controls.Editors.PopupEditor","True"
"Eremex.Avalonia.Controls","Eremex.AvaloniaUI.Controls.Editors.PopupColorEditorProperties","Eremex.AvaloniaUI.Controls.Editors.PopupEditorProperties","True"
"Eremex.Avalonia.Controls","Eremex.AvaloniaUI.Controls.Editors.PopupEditor","Eremex.AvaloniaUI.Controls.Editors.ButtonEditor","True"
"Eremex.Avalonia.Controls","Eremex.AvaloniaUI.Controls.Editors.PopupEditorProperties","Eremex.AvaloniaUI.Controls.Editors.ButtonEditorProperties","True"
"Eremex.Avalonia.Controls","Eremex.AvaloniaUI.Controls.Editors.SegmentedEditor","Eremex.AvaloniaUI.Controls.Editors.BaseEditor","True"
"Eremex.Avalonia.Controls","Eremex.AvaloniaUI.Controls.Editors.SegmentedEditorProperties","Eremex.AvaloniaUI.Controls.Editors.BaseEditorProperties","True"
"Eremex.Avalonia.Controls","Eremex.AvaloniaUI.Controls.Editors.SpinEditor","Eremex.AvaloniaUI.Controls.Editors.ButtonEditor","True"
"Eremex.Avalonia.Controls","Eremex.AvaloniaUI.Controls.Editors.SpinEditorProperties","Eremex.AvaloniaUI.Controls.Editors.ButtonEditorProperties","True"
"Eremex.Avalonia.Controls","Eremex.AvaloniaUI.Controls.Editors.SplitContainerControl","Avalonia.Controls.Primitives.TemplatedControl","True"
"Eremex.Avalonia.Controls","Eremex.AvaloniaUI.Controls.Editors.TextEditor","Eremex.AvaloniaUI.Controls.Editors.BaseEditor","True"
"Eremex.Avalonia.Controls","Eremex.AvaloniaUI.Controls.Editors.TextEditorProperties","Eremex.AvaloniaUI.Controls.Editors.BaseEditorProperties","True"
"Eremex.Avalonia.Controls","Eremex.AvaloniaUI.Controls.Editors.Visuals.ButtonEditorInactiveButtonsContainer","Avalonia.Controls.Control","True"
"Eremex.Avalonia.Controls","Eremex.AvaloniaUI.Controls.Editors.Visuals.ColorPickerControl","Avalonia.Controls.Primitives.TemplatedControl","True"
"Eremex.Avalonia.Controls","Eremex.AvaloniaUI.Controls.Editors.Visuals.ColorToggleButton","Avalonia.Controls.Primitives.ToggleButton","True"
"Eremex.Avalonia.Controls","Eremex.AvaloniaUI.Controls.Editors.Visuals.ComboBoxPopupControl","Avalonia.Controls.Primitives.TemplatedControl","True"
"Eremex.Avalonia.Controls","Eremex.AvaloniaUI.Controls.Editors.Visuals.EditorIconButton","Avalonia.Controls.Button","True"
"Eremex.Avalonia.Controls","Eremex.AvaloniaUI.Controls.Editors.Visuals.EditorIconToggleButton","Avalonia.Controls.Primitives.ToggleButton","True"
"Eremex.Avalonia.Controls","Eremex.AvaloniaUI.Controls.Editors.Visuals.MxTextBlock","Avalonia.Controls.Control","True"
"Eremex.Avalonia.Controls","Eremex.AvaloniaUI.Controls.Editors.Visuals.PopupContentContainer","Avalonia.Controls.ContentControl","True"
"Eremex.Avalonia.Controls","Eremex.AvaloniaUI.Controls.Editors.Visuals.SegmentedEditorPanel","Avalonia.Controls.Panel","True"
"Eremex.Avalonia.Controls","Eremex.AvaloniaUI.Controls.Internal.MessageWindow","Eremex.AvaloniaUI.Controls.Common.MxWindow","True"
"Eremex.Avalonia.Controls","Eremex.AvaloniaUI.Controls.Internal.MessageWindowPresenter","Avalonia.Controls.UserControl","True"
"Eremex.Avalonia.Controls","Eremex.AvaloniaUI.Controls.Internal.PopupContainerSizeGrip","Avalonia.Controls.Primitives.Thumb","True"
"Eremex.Avalonia.Controls","Eremex.AvaloniaUI.Controls.Internal.SquaredArc","Avalonia.Controls.Shapes.Arc","True"
"Eremex.Avalonia.Controls","Eremex.AvaloniaUI.Controls.Internal.TabControlControlBox","Avalonia.Controls.ContentControl","True"
"Eremex.Avalonia.Controls","Eremex.AvaloniaUI.Controls.Internal.TabControlScrollViewer","Avalonia.Controls.ScrollViewer","True"
"Eremex.Avalonia.Controls","Eremex.AvaloniaUI.Controls.Internal.TabItemOuterCorner","Avalonia.Controls.Control","True"
"Eremex.Avalonia.Controls","Eremex.AvaloniaUI.Controls.Internal.TabPanel","Avalonia.Controls.WrapPanel","True"
"Eremex.Avalonia.Controls","Eremex.AvaloniaUI.Controls.Internal.TabStretchPanel","Avalonia.Controls.Panel","True"
"Eremex.Avalonia.Controls","Eremex.AvaloniaUI.Controls.ListView.ListViewControl","Avalonia.Controls.Primitives.TemplatedControl","True"
"Eremex.Avalonia.Controls","Eremex.AvaloniaUI.Controls.ListView.ListViewGroupControl","Eremex.AvaloniaUI.Controls.ListView.ListViewItemControl","True"
"Eremex.Avalonia.Controls","Eremex.AvaloniaUI.Controls.ListView.ListViewItemControl","Avalonia.Controls.ContentControl","True"
"Eremex.Avalonia.Controls","Eremex.AvaloniaUI.Controls.ListView.Visuals.ListViewScrollContentPresenter","Avalonia.Controls.Presenters.ScrollContentPresenter","True"
"Eremex.Avalonia.Controls","Eremex.AvaloniaUI.Controls.ListView.Visuals.ListViewScrollViewer","Avalonia.Controls.ScrollViewer","True"
"Eremex.Avalonia.Controls","Eremex.AvaloniaUI.Controls.ListView.Visuals.VirtualizingWrapPanel","Avalonia.Controls.Panel","True"
"Eremex.Avalonia.Controls","Eremex.AvaloniaUI.Controls.MxTabControl","Avalonia.Controls.TabControl","True"
"Eremex.Avalonia.Controls","Eremex.AvaloniaUI.Controls.MxTabItem","Avalonia.Controls.TabItem","True"
"Eremex.Avalonia.Controls","Eremex.AvaloniaUI.Controls.MxTabStrip","Avalonia.Controls.Primitives.TabStrip","True"
"Eremex.Avalonia.Controls","Eremex.AvaloniaUI.Controls.MxTabStripItem","Avalonia.Controls.Primitives.TabStripItem","True"
"Eremex.Avalonia.Controls","Eremex.AvaloniaUI.Controls.PropertyGrid.PropertyGridCategoryRow","Eremex.AvaloniaUI.Controls.PropertyGrid.PropertyGridExpandableRowBase","True"
"Eremex.Avalonia.Controls","Eremex.AvaloniaUI.Controls.PropertyGrid.PropertyGridControl","Avalonia.Controls.Primitives.TemplatedControl","True"
"Eremex.Avalonia.Controls","Eremex.AvaloniaUI.Controls.PropertyGrid.PropertyGridRow","Eremex.AvaloniaUI.Controls.PropertyGrid.PropertyGridExpandableRowBase","True"
"Eremex.Avalonia.Controls","Eremex.AvaloniaUI.Controls.PropertyGrid.PropertyGridTabRow","Eremex.AvaloniaUI.Controls.PropertyGrid.PropertyGridRowBase","True"
"Eremex.Avalonia.Controls","Eremex.AvaloniaUI.Controls.PropertyGrid.PropertyGridTabRowItem","Avalonia.Controls.Control","True"
"Eremex.Avalonia.Controls","Eremex.AvaloniaUI.Controls.PropertyGrid.Visuals.PropertyGridCategoryRowControl","Eremex.AvaloniaUI.Controls.PropertyGrid.Visuals.PropertyGridExpandableRowControlBase","True"
"Eremex.Avalonia.Controls","Eremex.AvaloniaUI.Controls.PropertyGrid.Visuals.PropertyGridCellEditor","Eremex.AvaloniaUI.Editors.InplaceEditing.InplaceEditorBase","True"
"Eremex.Avalonia.Controls","Eremex.AvaloniaUI.Controls.PropertyGrid.Visuals.PropertyGridRowControl","Eremex.AvaloniaUI.Controls.PropertyGrid.Visuals.PropertyGridExpandableRowControlBase","True"
"Eremex.Avalonia.Controls","Eremex.AvaloniaUI.Controls.PropertyGrid.Visuals.PropertyGridRowPanel","Avalonia.Controls.Panel","True"
"Eremex.Avalonia.Controls","Eremex.AvaloniaUI.Controls.PropertyGrid.Visuals.PropertyGridTabRowControl","Eremex.AvaloniaUI.Controls.PropertyGrid.Visuals.PropertyGridRowControlBase","True"
"Eremex.Avalonia.Controls","Eremex.AvaloniaUI.Controls.PropertyGrid.Visuals.PropertyGridTemplateRowControl","Eremex.AvaloniaUI.Controls.PropertyGrid.Visuals.PropertyGridRowControl","True"
"Eremex.Avalonia.Controls","Eremex.AvaloniaUI.Controls.PropertyGrid.Visuals.RowsSeparator","Avalonia.Controls.Primitives.TemplatedControl","True"
"Eremex.Avalonia.Controls","Eremex.AvaloniaUI.Controls.PropertyGrid.Visuals.SearchControl","Avalonia.Controls.Primitives.TemplatedControl","True"
"Eremex.Avalonia.Controls","Eremex.AvaloniaUI.Controls.Ribbon.Internal.PageGroupPopupButton","Eremex.AvaloniaUI.Controls.Bars.ToolbarButtonItem","True"
"Eremex.Avalonia.Controls","Eremex.AvaloniaUI.Controls.Ribbon.Internal.PageHeaderItemsControl","Eremex.AvaloniaUI.Controls.Bars.Toolbar","True"
"Eremex.Avalonia.Controls","Eremex.AvaloniaUI.Controls.Ribbon.Internal.QuickAccessToolbar","Eremex.AvaloniaUI.Controls.Bars.Toolbar","True"
"Eremex.Avalonia.Controls","Eremex.AvaloniaUI.Controls.Ribbon.Internal.QuickAccessToolbarCustomizationButton","Eremex.AvaloniaUI.Controls.Bars.Internal.ToolbarCustomizationButton","True"
"Eremex.Avalonia.Controls","Eremex.AvaloniaUI.Controls.Ribbon.Internal.RibbonApplicationButton","Eremex.AvaloniaUI.Controls.Bars.ToolbarButtonItem","True"
"Eremex.Avalonia.Controls","Eremex.AvaloniaUI.Controls.Ribbon.Internal.RibbonGalleryItemPanel","Avalonia.Controls.Panel","True"
"Eremex.Avalonia.Controls","Eremex.AvaloniaUI.Controls.Ribbon.Internal.RibbonItemContentControl","Eremex.AvaloniaUI.Controls.Bars.Internal.ToolbarItemContentControl","True"
"Eremex.Avalonia.Controls","Eremex.AvaloniaUI.Controls.Ribbon.Internal.RibbonPageGroupControl","Avalonia.Controls.ItemsControl","False"
"Eremex.Avalonia.Controls","Eremex.AvaloniaUI.Controls.Ribbon.Internal.RibbonPageGroupHeaderButton","Eremex.AvaloniaUI.Controls.Bars.ToolbarButtonItem","True"
"Eremex.Avalonia.Controls","Eremex.AvaloniaUI.Controls.Ribbon.Internal.RibbonPageGroupHeaderButtonLayoutPanel","Eremex.AvaloniaUI.Controls.Bars.Internal.ToolbarItemLayoutPanel","True"
"Eremex.Avalonia.Controls","Eremex.AvaloniaUI.Controls.Ribbon.Internal.RibbonPageGroupItemsPanel","Avalonia.Controls.Panel","True"
"Eremex.Avalonia.Controls","Eremex.AvaloniaUI.Controls.Ribbon.Internal.RibbonPagesControl","Avalonia.Controls.ItemsControl","False"
"Eremex.Avalonia.Controls","Eremex.AvaloniaUI.Controls.Ribbon.Internal.RibbonPagesPanel","Avalonia.Controls.Panel","True"
"Eremex.Avalonia.Controls","Eremex.AvaloniaUI.Controls.Ribbon.Internal.RibbonPanel","Avalonia.Controls.Panel","True"
"Eremex.Avalonia.Controls","Eremex.AvaloniaUI.Controls.Ribbon.Internal.RibbonPanelButton","Eremex.AvaloniaUI.Controls.Bars.ToolbarButtonItem","True"
"Eremex.Avalonia.Controls","Eremex.AvaloniaUI.Controls.Ribbon.Internal.RibbonPanelButtonLayoutPanel","Eremex.AvaloniaUI.Controls.Bars.Internal.ToolbarItemLayoutPanel","True"
"Eremex.Avalonia.Controls","Eremex.AvaloniaUI.Controls.Ribbon.Internal.RibbonPanelControl","Avalonia.Controls.ItemsControl","True"
"Eremex.Avalonia.Controls","Eremex.AvaloniaUI.Controls.Ribbon.Internal.RibbonPopupControl","Avalonia.Controls.Primitives.TemplatedControl","True"
"Eremex.Avalonia.Controls","Eremex.AvaloniaUI.Controls.Ribbon.Internal.RibbonPopupPageGroup","Eremex.AvaloniaUI.Controls.Ribbon.RibbonPageGroup","True"
"Eremex.Avalonia.Controls","Eremex.AvaloniaUI.Controls.Ribbon.Internal.RibbonSimplifiedPageGroupDropDownButton","Eremex.AvaloniaUI.Controls.Bars.Internal.ToolbarCustomizationButton","True"
"Eremex.Avalonia.Controls","Eremex.AvaloniaUI.Controls.Ribbon.RibbonControl","Avalonia.Controls.Primitives.TemplatedControl","True"
"Eremex.Avalonia.Controls","Eremex.AvaloniaUI.Controls.Ribbon.RibbonGalleryItem","Eremex.AvaloniaUI.Controls.Bars.ToolbarButtonBaseItem","True"
"Eremex.Avalonia.Controls","Eremex.AvaloniaUI.Controls.Ribbon.RibbonPage","Avalonia.Controls.Primitives.TemplatedControl","True"
"Eremex.Avalonia.Controls","Eremex.AvaloniaUI.Controls.Ribbon.RibbonPageGroup","Avalonia.Controls.Primitives.TemplatedControl","True"
"Eremex.Avalonia.Controls","Eremex.AvaloniaUI.Controls.Ribbon.RibbonPopupGallery","Eremex.AvaloniaUI.Controls.Bars.PopupMenu","True"
"Eremex.Avalonia.Controls","Eremex.AvaloniaUI.Controls.ShadowControl","Avalonia.Controls.ContentControl","True"
"Eremex.Avalonia.Controls","Eremex.AvaloniaUI.Controls.TreeList.TreeListControl","Eremex.AvaloniaUI.Controls.TreeList.TreeListControlBase","True"
"Eremex.Avalonia.Controls","Eremex.AvaloniaUI.Controls.TreeList.TreeViewControl","Eremex.AvaloniaUI.Controls.TreeList.TreeListControlBase","True"
"Eremex.Avalonia.Controls","Eremex.AvaloniaUI.Controls.TreeList.Visuals.TreeListCellControl","Eremex.AvaloniaUI.Controls.DataControl.Visuals.CellControl","False"
"Eremex.Avalonia.Controls","Eremex.AvaloniaUI.Controls.TreeList.Visuals.TreeListIndentControl","Avalonia.Controls.Primitives.TemplatedControl","True"
"Eremex.Avalonia.Controls","Eremex.AvaloniaUI.Controls.TreeList.Visuals.TreeListIndentPanel","Avalonia.Controls.Panel","True"
"Eremex.Avalonia.Controls","Eremex.AvaloniaUI.Controls.TreeList.Visuals.TreeListRowControl","Eremex.AvaloniaUI.Controls.DataControl.Visuals.DataRowControlBase","True"
"Eremex.Avalonia.Controls","Eremex.AvaloniaUI.Controls.TreeList.Visuals.TreeViewCellControl","Eremex.AvaloniaUI.Controls.TreeList.Visuals.TreeListCellControl","False"
"Eremex.Avalonia.Controls","Eremex.AvaloniaUI.Controls.TreeList.Visuals.TreeViewRowControl","Eremex.AvaloniaUI.Controls.TreeList.Visuals.TreeListRowControl","True"
"Eremex.Avalonia.Controls","Eremex.AvaloniaUI.Controls.TrialWatermark.TrialWatermarkControl","Avalonia.Controls.Primitives.TemplatedControl","True"
"Eremex.Avalonia.Charts","Eremex.AvaloniaUI.Charts.AxisX","Eremex.AvaloniaUI.Charts.CartesianAxis","True"
"Eremex.Avalonia.Charts","Eremex.AvaloniaUI.Charts.AxisY","Eremex.AvaloniaUI.Charts.CartesianAxis","True"
"Eremex.Avalonia.Charts","Eremex.AvaloniaUI.Charts.CartesianChart","Eremex.AvaloniaUI.Charts.ChartControl","True"
"Eremex.Avalonia.Charts","Eremex.AvaloniaUI.Charts.CartesianSeries","Eremex.AvaloniaUI.Charts.Series","True"
"Eremex.Avalonia.Charts","Eremex.AvaloniaUI.Charts.ConstantLine","Eremex.AvaloniaUI.Charts.ChartElement","True"
"Eremex.Avalonia.Charts","Eremex.AvaloniaUI.Charts.CrosshairAllSeriesLabelControl","Avalonia.Controls.Primitives.TemplatedControl","True"
"Eremex.Avalonia.Charts","Eremex.AvaloniaUI.Charts.CrosshairOptions","Eremex.AvaloniaUI.Charts.ChartElement","True"
"Eremex.Avalonia.Charts","Eremex.AvaloniaUI.Charts.CrosshairSingleSeriesLabelControl","Avalonia.Controls.Primitives.TemplatedControl","True"
"Eremex.Avalonia.Charts","Eremex.AvaloniaUI.Charts.Heatmap","Eremex.AvaloniaUI.Charts.ChartControl","True"
"Eremex.Avalonia.Charts","Eremex.AvaloniaUI.Charts.HeatmapAxisX","Eremex.AvaloniaUI.Charts.HeatmapAxis","True"
"Eremex.Avalonia.Charts","Eremex.AvaloniaUI.Charts.HeatmapAxisY","Eremex.AvaloniaUI.Charts.HeatmapAxis","True"
"Eremex.Avalonia.Charts","Eremex.AvaloniaUI.Charts.Native.AvaloniaDrawingArea","Avalonia.Controls.Control","False"
"Eremex.Avalonia.Charts","Eremex.AvaloniaUI.Charts.Native.CartesianDrawingAreaContainer","Eremex.AvaloniaUI.Charts.Native.NavigationDrawingAreaContainer","True"
"Eremex.Avalonia.Charts","Eremex.AvaloniaUI.Charts.Native.DrawingAreaContainer","Avalonia.Controls.Primitives.TemplatedControl","True"
"Eremex.Avalonia.Charts","Eremex.AvaloniaUI.Charts.Native.HeatmapSeries","Eremex.AvaloniaUI.Charts.Series","True"
"Eremex.Avalonia.Charts","Eremex.AvaloniaUI.Charts.Native.HorizontalBorderLabelControl","Avalonia.Controls.Border","True"
"Eremex.Avalonia.Charts","Eremex.AvaloniaUI.Charts.Native.HorizontalLabelControl","Avalonia.Controls.TextBlock","True"
"Eremex.Avalonia.Charts","Eremex.AvaloniaUI.Charts.Native.PolarDrawingAreaContainer","Eremex.AvaloniaUI.Charts.Native.NavigationDrawingAreaContainer","True"
"Eremex.Avalonia.Charts","Eremex.AvaloniaUI.Charts.Native.RotatedLabelControl","Avalonia.Controls.LayoutTransformControl","True"
"Eremex.Avalonia.Charts","Eremex.AvaloniaUI.Charts.Native.SmithDrawingAreaContainer","Eremex.AvaloniaUI.Charts.Native.DrawingAreaContainer","True"
"Eremex.Avalonia.Charts","Eremex.AvaloniaUI.Charts.PolarAxisX","Eremex.AvaloniaUI.Charts.Axis","True"
"Eremex.Avalonia.Charts","Eremex.AvaloniaUI.Charts.PolarAxisY","Eremex.AvaloniaUI.Charts.LinearAxis","True"
"Eremex.Avalonia.Charts","Eremex.AvaloniaUI.Charts.PolarChart","Eremex.AvaloniaUI.Charts.ChartControl","True"
"Eremex.Avalonia.Charts","Eremex.AvaloniaUI.Charts.PolarSeries","Eremex.AvaloniaUI.Charts.Series","True"
"Eremex.Avalonia.Charts","Eremex.AvaloniaUI.Charts.SmithAxisX","Eremex.AvaloniaUI.Charts.Axis","True"
"Eremex.Avalonia.Charts","Eremex.AvaloniaUI.Charts.SmithAxisY","Eremex.AvaloniaUI.Charts.Axis","True"
"Eremex.Avalonia.Charts","Eremex.AvaloniaUI.Charts.SmithChart","Eremex.AvaloniaUI.Charts.ChartControl","True"
"Eremex.Avalonia.Charts","Eremex.AvaloniaUI.Charts.SmithSeries","Eremex.AvaloniaUI.Charts.Series","True"
"Eremex.Avalonia.Charts","Eremex.AvaloniaUI.Charts.Strip","Eremex.AvaloniaUI.Charts.ChartElement","True"
